outcome,bin,mean_predicted_prob,fraction_actual,n
home_win,1,0.0754,0.0,14
home_win,2,0.1572,0.0857,105
home_win,3,0.252,0.2428,173
home_win,4,0.3542,0.3632,212
home_win,5,0.4521,0.4596,198
home_win,6,0.5513,0.5318,173
home_win,7,0.6502,0.6408,142
home_win,8,0.7455,0.6623,77
home_win,9,0.8354,0.9722,36
away_win,1,0.0726,0.0533,75
away_win,2,0.1517,0.1529,242
away_win,3,0.2487,0.2519,258
away_win,4,0.3503,0.3502,217
away_win,5,0.4493,0.4178,146
away_win,6,0.5511,0.5048,105
away_win,7,0.646,0.7869,61
away_win,8,0.7363,0.8095,21
away_win,9,0.819,1.0,5
draw,1,0.0835,0.0,13
draw,2,0.1661,0.1974,228
draw,3,0.2529,0.2577,881
draw,4,0.3079,0.5,8
