home_team,away_team,poisson_home_pct,poisson_draw_pct,poisson_away_pct,market_home_pct,market_draw_pct,market_away_pct
Man City,Aston Villa,64.8,19.6,15.5,64.5,19.3,16.2
Brighton,Man United,51.4,23.5,25.1,50.5,23.5,26.0
Fulham,Newcastle,35.7,24.7,39.6,33.0,25.6,41.4
Tottenham,Everton,52.1,23.0,24.9,50.8,24.7,24.5
Liverpool,Brentford,54.6,23.1,22.4,54.0,23.0,23.0
Burnley,Wolves,36.0,24.8,39.1,37.9,26.9,35.2
Nott'm Forest,Bournemouth,36.6,25.5,37.9,29.2,25.3,45.5
West Ham,Leeds,34.5,25.3,40.3,50.7,25.6,23.7
Sunderland,Chelsea,42.1,24.4,33.5,26.4,25.4,48.2
Crystal Palace,Arsenal,30.9,23.7,45.3,24.6,24.0,51.4
